{
  "__type__": "cc.SpriteFrame",
  "content": {
    "name": "BallImage",
    "atlas": "",
    "rect": {
      "x": 265,
      "y": 160,
      "width": 1375,
      "height": 1375
    },
    "offset": {
      "x": 46.5,
      "y": 37.5
    },
    "originalSize": {
      "width": 1812,
      "height": 1770
    },
    "rotated": false,
    "capInsets": [
      0,
      0,
      0,
      0
    ],
    "vertices": {
      "rawPosition": [
        -687.5,
        -687.5,
        0,
        687.5,
        -687.5,
        0,
        -687.5,
        687.5,
        0,
        687.5,
        687.5,
        0
      ],
      "indexes": [
        0,
        1,
        2,
        2,
        1,
        3
      ],
      "uv": [
        265,
        1610,
        1640,
        1610,
        265,
        235,
        1640,
        235
      ],
      "nuv": [
        0.14624724061810154,
        0.1327683615819209,
        0.9050772626931567,
        0.1327683615819209,
        0.14624724061810154,
        0.9096045197740112,
        0.9050772626931567,
        0.9096045197740112
      ],
      "minPos": {
        "x": -687.5,
        "y": -687.5,
        "z": 0
      },
      "maxPos": {
        "x": 687.5,
        "y": 687.5,
        "z": 0
      }
    },
    "texture": "ccc344b7-7d50-40a9-bbf5-28258822a5e1@6c48a",
    "packable": true,
    "pixelsToUnit": 100,
    "pivot": {
      "x": 0.5,
      "y": 0.5
    },
    "meshType": 0
  }
}